index,measurement_a,measurement_b,measurement_c
0.0,9.88728696910616,32.25294237652925,3.674748884682111
1.0,8.923436019214106,24.477714222402078,2.5709645695922902
2.0,11.785026931424978,22.266465303739498,3.6897417922225246
3.0,8.543016691641556,36.883543734186944,3.814292874543764
4.0,9.673679214464018,30.050843739729164,-1.8351311362439358
5.0,8.74010351547074,23.959386427621467,6.665383539987708
6.0,10.37586649734192,26.504702182028307,1.4165795266428587
7.0,9.121852633711018,31.566379991452933,5.143700958760684
8.0,9.65002422873691,29.80802831149966,6.924659085374451
9.0,10.296660202858948,26.8708786317175,4.206254745601187
10.0,11.200911925211615,33.68782602813448,3.8344593176434643
11.0,8.431004761293515,22.896898974782175,4.067411255235501
12.0,11.854028741791787,29.531197017134204,6.584926598665539
13.0,10.493961807966228,33.848208672329896,5.311776197145746
14.0,9.869288568402771,28.88892817152515,6.270830703968603
15.0,9.596879247501283,32.03886374386241,5.830743391193243
16.0,9.02633773720736,26.88230764993623,4.294159252593261
17.0,9.532533218572503,23.79131967654324,3.0098719524427597
18.0,9.282078533222888,37.96689952231936,4.725635895647993
19.0,11.221393306655251,27.861790943302214,-1.5146288225308133
20.0,9.222799990582155,20.101452295652948,4.158825004510894
21.0,9.411474352028653,36.05330145201303,2.703915478336771
22.0,9.942381145922457,32.45819495017669,7.469514693715208
23.0,10.07957988426002,26.2117229092393,5.82737319567565
24.0,8.816798940573307,31.321918196641267,4.278947990469643
25.0,8.45125755425171,36.39674065072232,7.56528394963424
26.0,10.912256171757456,35.94014003178906,8.07719050255883
27.0,10.412670735564499,28.592769156851396,7.498135309716022
28.0,9.304230997962419,23.919255956470803,5.423659932504469
29.0,7.711228116575971,33.75662435152046,-0.02581005933340741
30.0,9.212758471472196,28.5285084187549,6.114672766410127
31.0,8.971483328098302,30.21003994439523,4.30591127791611
32.0,10.093308106826038,23.21757843812792,5.380372284747115
33.0,9.470805833831886,29.933491782438754,7.240233744811407
34.0,10.780244858664087,25.59131386732662,10.382034777122822
35.0,9.79918530449522,23.54956704568291,6.245505223106788
36.0,9.519391413372405,36.31046796263109,3.3028844362976315
37.0,8.96473787617896,21.195480650545086,2.686802109604156
38.0,9.497265628752796,33.42453839726473,1.0848001626844272
39.0,10.789890202404129,22.211976570157073,3.0232496794727717
40.0,9.07500237802968,35.0098676654662,0.6853990426390331
41.0,12.210035319426028,29.941893653715816,8.499146264471896
42.0,8.599763814234509,26.213888773435063,7.086646459837281
43.0,9.760902621090079,31.867925885327363,7.242001912607547
44.0,10.21734068022078,33.40086712610922,5.687668907761672
45.0,9.647614718886475,26.865620864477087,11.380493699445797
46.0,10.08587552662284,34.795186133163085,4.437195845161189
47.0,10.106651970856005,28.550876373833145,3.246945421916577
48.0,9.802968785886549,33.62228466866064,6.225797301853934
49.0,11.346933859556485,22.42820861568964,4.731475732352204
50.0,10.345173980767148,37.517614201442484,6.075518217677558
51.0,10.557644416067243,31.806803918008654,-0.06681067244679184
52.0,9.404714835019375,30.171120947709486,11.965776143464225
53.0,10.73283219091337,29.08447371144648,4.507883472895359
54.0,11.331252678012973,21.498565051498456,2.497680116392979
55.0,9.269967062637074,31.56128291387133,2.929734240453963
56.0,9.514244207177523,27.059762933201693,3.3553677199795398
57.0,11.076914216230648,26.30095862673443,5.730623382064113
58.0,7.4046425776208205,28.931905367645424,2.3073824038070665
59.0,10.16692818294231,31.168837569238317,5.760165408602066
60.0,11.038959641237478,24.925769658452147,11.15372788354868
61.0,8.191426140039237,27.75628607904291,0.3768892198407645
62.0,10.758640944126284,26.556852779463846,3.660542699561886
63.0,9.499887191861541,23.673476227330976,7.658541106376168
64.0,7.655706840809256,21.8206245971761,1.3857121734621476
65.0,9.892082310773732,24.738206623046448,4.025722444585745
66.0,8.49721232937859,27.001603545914016,2.3209910556263424
67.0,10.488778661265163,27.189938818054895,6.712025879098688
68.0,9.446821476108088,32.59117795258841,2.294917483874308
69.0,11.057507525214147,27.397817021551663,11.824747510115103
70.0,9.130682143294285,35.257773412131954,8.592964601354005
71.0,9.924908906731885,30.965473975658462,5.4552229040196725
72.0,9.89284503545716,34.15920134781769,5.273611965187381
73.0,12.098822017803357,28.791290910918367,1.7134958037567944
74.0,9.65946206614633,26.721846933591443,1.4525301612800718
75.0,9.472094892746412,32.14760741870797,2.4251626639977513
76.0,8.705383177716413,39.8773236617717,4.637171631172621
77.0,10.214099031896083,35.4077656824283,3.7354928270917442
78.0,11.126269575524226,22.642875521630128,3.1117776106303623
79.0,10.401535844811228,27.873528977421994,6.936240647749129
80.0,10.765585317276013,26.05465005452523,9.655575392095141
81.0,8.646872545776903,36.858106199478165,6.967834980016636
82.0,10.573858499361133,26.84440587089108,-0.19877349596098615
83.0,9.779862873128584,29.086179655574192,0.4992858065406356
84.0,10.645188978621542,27.74204067558498,2.590774615701199
85.0,8.995280692472603,19.95895083653998,7.370681429137983
86.0,11.899738557080212,26.51715346774009,8.16746348482767
87.0,10.21686081767822,34.49676376688299,2.64033072786766
88.0,10.499970383255114,29.24937274936771,2.217969892475858
89.0,9.373408919020704,30.927979544381753,-0.22738118535784668
90.0,8.997115783987647,38.46214286606351,7.667864521732255
91.0,9.218689776415458,25.68131368470374,11.738800426414993
92.0,10.204277735537852,27.99961617167567,2.0153062716513475
93.0,10.53609200509485,25.31387068481462,8.751476186026247
94.0,8.925002536632253,31.04199672524069,5.2238213258723984
95.0,7.7821452408708565,36.16216954526678,-0.4659336070564155
96.0,10.646930220628118,33.780997093583416,5.22640280417961
97.0,9.677664203879726,27.02112901459868,10.441188866404175
98.0,9.827435814473501,19.267182106452935,9.116302614222226
99.0,7.711578197405873,32.069564410387976,2.1407672384292225
100.0,9.887956150149245,29.116784440379895,-2.9233968554817515
101.0,10.955313813089303,23.83856084132603,7.45653989917759
102.0,10.454738182929031,33.805440992236,1.3908840881700444
103.0,12.061927453612517,38.21326124624066,5.983354895944512
104.0,10.062460465192963,38.162857775563694,6.027011678013288
105.0,10.002842437780613,27.107584803849697,1.3200099215835897
106.0,9.546446167484191,30.6807784785455,3.0058016184320873
107.0,10.373482502003535,22.283587074568466,3.1768871606405593
108.0,9.186884007640653,26.085413404417082,2.3052144301411337
109.0,9.898442490211849,26.53853516742418,4.8020679339175025
110.0,10.445713200789418,21.17425975826513,7.878652154784339
111.0,8.724871360740863,32.83146002234657,0.18025701473940536
112.0,10.107831812823683,28.49391769228352,6.330411246800082
113.0,10.852236887650466,32.013683278073024,0.45777784015181666
114.0,9.843147909057492,30.60038398873759,1.8240984420172417
115.0,11.188819261366113,32.55219062727232,4.212433543097394
116.0,8.527736613601462,30.172219488065085,9.064158917968719
117.0,10.866040840809056,22.740342063727788,6.78706085999839
118.0,9.106610472737536,26.05463974087473,4.278807733247135
119.0,9.4510293875211,26.754843120602608,8.897966433070302
120.0,10.00146294884788,34.02886670261336,7.925584258349121
121.0,9.09857755095916,31.156723242394737,7.840163025940628
122.0,9.494451441571805,28.551579523203284,6.2198759345571535
123.0,11.231854206743073,29.852272672582888,6.685650122808235
124.0,11.758176140420122,33.30957351428459,7.040179982671614
125.0,11.538161757938013,27.41792568183142,3.471636011978519
126.0,10.794641651049188,40.80442205408934,5.861841548388343
127.0,9.093033121790524,36.71650266193851,2.1512161988142404
128.0,9.908823602380252,35.901433038520985,3.1535161128428353
129.0,7.908012965345602,30.74696677601175,4.503881438817918
130.0,9.731887381170234,21.83222702879368,5.181952726787625
131.0,9.018065826014697,28.32467587827538,-0.2966096335222028
132.0,9.40603677745438,32.90763204886386,-0.09588345060949521
133.0,11.225176625455614,34.74494019071314,0.7054169283724754
134.0,9.16643835565531,27.478791300947435,4.588773806897071
135.0,9.772911428639425,30.634564477015882,2.005226134153663
136.0,10.644124459270413,27.9691538402599,5.702805179823263
137.0,11.390163761705033,31.010425040413036,-0.7636721616211686
138.0,9.218241039902782,37.67962979889399,2.972331772783612
139.0,7.170542007314733,29.492803134637146,4.273496400772086
140.0,10.305199165058054,32.517789175822706,5.256008070591984
141.0,10.432071129807511,34.974341303126046,0.9056984972607873
142.0,9.501928484246964,27.251572751749293,6.724121653823568
143.0,10.119178411883016,34.002774944076045,2.8620611907637805
144.0,9.944566240969205,29.977076708804596,9.326105888444635
145.0,11.588930784591279,29.053997005598493,4.287037125443631
146.0,8.187685303225164,26.828943422236716,6.940422690041839
147.0,8.536671603685592,30.75053878133143,9.381521887052173
148.0,9.620802331784475,27.480162402972464,4.411255441958717
149.0,9.198317806593971,30.455101751395542,5.950671752185864
150.0,9.96889984080992,36.6521213895222,8.418929426197092
151.0,9.582452277800607,28.8495776261723,7.397095828100953
152.0,10.270149615184717,22.886813956506003,8.92997433670153
153.0,9.377883143719666,25.871758376910456,5.397975452786126
154.0,9.739032565895155,29.190909149593814,4.407139974109841
155.0,8.926667379503566,36.896048801195256,9.114130396197735
156.0,8.673923343601349,26.425097249531763,4.1691803996225945
157.0,9.795795376691757,35.14738182287103,5.1540883963833295
158.0,10.257931485056833,25.402400719114137,8.354313899555812
159.0,8.471013713391821,24.448051893823106,6.174613436520223
160.0,8.85023401732568,26.580895870225397,3.0382521215282132
161.0,9.788708565897817,25.70786602790541,5.510838619610384
162.0,10.83116484528326,23.46127917315055,1.7627568659254562
163.0,7.815915033922151,33.059392278725355,1.9467677021798542
164.0,10.73111022355952,31.710999076452786,3.0022903715288707
165.0,9.247265227347079,31.19213743361313,2.510161891801684
166.0,13.25925591702839,23.491706461788862,7.816151634955912
167.0,11.655363170578772,24.01699589953198,9.397125696320163
168.0,7.9484913453096055,37.7790760171078,1.0017439850484502
169.0,9.140850520427705,24.163348352859717,5.51893236186659
170.0,9.767983030562515,28.776344852749308,3.565161635599581
171.0,10.99275801311749,32.61839227230052,6.459494942349295
172.0,9.116166313265303,20.05542026591706,3.946772990139026
173.0,9.939593140451251,29.502607095221737,10.455228283744171
174.0,11.06693824096466,26.29518442043679,4.539867381267502
175.0,10.211657486472749,36.948680764750385,5.8249554316930485
176.0,10.764874896576915,30.055515964210286,9.869252484693037
177.0,9.550775673056505,25.835280523023556,8.364492983233118
178.0,9.483665572184565,26.624061911980956,4.656455405772116
179.0,8.379213703600541,37.020726025838016,2.808035057099713
180.0,9.886154530260171,36.02760949374542,3.5734103678649745
181.0,11.815526730641361,34.08349969687351,8.319951816014779
182.0,9.573442837811157,32.03329282553651,6.885639017218766
183.0,9.216556176346062,31.255698907684373,5.3889790097178665
184.0,10.275907131714247,21.294537491310642,4.10314634407171
185.0,10.282443765357698,30.257041803022634,3.2425419960023785
186.0,11.211513683642218,36.81362540400652,2.373726267261358
187.0,9.177041700876995,26.082931118858845,0.8016777364991139
188.0,8.549904523402743,39.38822567887262,5.983076502978933
189.0,10.31282611297537,32.23141432723388,0.4789603021595692
190.0,10.476353065467158,24.952474521283108,7.547118443361492
191.0,8.434893903836606,34.13189027183455,6.1913911712944545
192.0,9.571267249401293,30.774438209846867,13.675587856617167
193.0,11.36358555084981,29.130923580193315,3.0775966407885744
194.0,11.039451329698664,30.612129311034494,5.709103804682546
195.0,10.395907702737928,24.628502892023235,-1.313274079592409
196.0,10.371804663869714,26.13903652683193,5.786662954761509
197.0,10.45130057494785,35.539048133655264,-0.19538600922057547
198.0,10.621954815294835,37.01091900208417,9.871303739592147
199.0,10.842496009671127,30.614460033460222,2.8539367397447846
200.0,10.061394449445935,29.84242799154769,3.3588897887459805
201.0,10.589947656730653,26.29379190703444,6.4225784667031185
202.0,9.730352442998404,33.91762776123004,6.537552943775514
203.0,9.640963482727802,31.229047858973406,-2.3992540405590344
204.0,9.99276536273938,32.74963633832171,4.354405265566306
205.0,11.031145147626505,22.45418809492351,4.9480811604841
206.0,9.03313616388579,28.909583163187847,9.103280184651474
207.0,11.052822964453183,37.745800885511926,1.9037157783418959
208.0,9.89852800879,34.41438910778461,4.961173681238072
209.0,8.201253893421471,33.17995704920086,4.535044006817203
210.0,9.304095667362548,28.01239729310759,5.315681165940288
211.0,10.612171124124547,32.21461509595071,2.640842564420738
212.0,9.894494296966277,24.999575107163437,8.30884265101166
213.0,11.68564634681371,33.92598129178082,10.666809019777414
214.0,9.400402751871681,29.017259873710813,6.8234632258727625
215.0,10.731240268335924,33.60151907233422,5.0020266188083555
216.0,10.11359668445339,24.84970127427752,7.128370312250428
217.0,10.377568598365253,24.764067833070293,0.8645522011805147
218.0,11.284907708139697,14.839526466956393,1.8407906858957448
219.0,10.689158480213315,21.71652048320901,3.599301432874877
220.0,8.876302554727953,37.703844259751506,4.30889644144639
221.0,9.847259583993829,33.5986772272602,6.672667484357682
222.0,9.462385813009904,32.290723647226436,6.545303437848496
223.0,9.33480813887552,23.500494932872968,7.134155200328306
224.0,9.347979705217139,29.90925614629244,2.0466512674068955
225.0,8.204571152413058,29.950042184371938,3.518445263418019
226.0,9.524438919555902,35.5620554056493,3.309644072766444
227.0,9.743705733112234,39.5250574190756,8.694447477986017
228.0,9.458660973914029,29.52041057205855,4.8922425546190365
229.0,8.023490907455257,28.633483652119413,3.862547316389314
230.0,11.713092512432414,34.71578320034807,5.012667213957354
231.0,9.622004643458169,17.870575294321092,7.60954595740041
232.0,8.48910684634734,29.816193551333463,5.489086563644271
233.0,8.834803791736787,31.007591514765018,2.4561910219533902
234.0,11.37796423443483,28.803905552988063,5.599992541521961
235.0,11.487668047572882,27.289393593738783,-0.7111668451504869
236.0,10.156998393453314,34.66611174697114,7.1724703712849855
237.0,9.155379312441477,36.002233084571344,11.594892600696946
238.0,9.619087712606872,29.2850527048215,4.250448392590593
239.0,9.522484238058057,17.691869335454946,4.996514785026969
240.0,9.87375023091356,39.770459897701,4.375620547917215
241.0,10.343879922857777,31.096664301258762,5.4691182641129945
242.0,10.248656458286117,27.15653636317382,6.299748498217561
243.0,11.072875881284439,27.098575372153135,7.680708589837635
244.0,9.652845575446074,30.349158287099296,6.740408581220143
245.0,10.898958977503144,30.262490004562274,3.6733054865258947
246.0,10.005476921270594,25.615790490551817,3.5924367796146246
247.0,8.950522188611453,28.16990234735604,6.5930837269136475
248.0,11.164232296973058,25.60152679896136,3.1004528712633754
249.0,11.415394634371221,36.083434471676,5.5824483674902154
250.0,10.780966820743133,20.38612100765642,1.4522834568426677
251.0,12.036580320408337,32.54116793777734,4.20335373879286
252.0,11.816306941606609,29.59367238346417,11.040581326410978
253.0,9.68831330745476,29.759623451825465,-0.8766874888593286
254.0,9.66655002687836,29.40412109811254,3.7884703121133336
255.0,10.61991231670254,30.25694484823533,6.666065017943283
256.0,12.047364009401331,20.762241980121935,5.093961261517138
257.0,9.4679007000044,32.18299074672855,4.243691104928738
258.0,10.6969608986514,23.362123921887616,2.7530805624476233
259.0,8.51464265925849,32.643095792067825,2.808089607007185
260.0,10.567055166609078,37.50301933788364,2.6127832059591256
261.0,10.169592041528865,26.407299723308387,5.252976616597906
262.0,10.661881588239103,16.863278112419984,6.8324731463572235
263.0,11.096792774371949,25.16522345450936,-0.2680593557805837
264.0,9.092987946457676,30.570394390400242,2.2496003773009567
265.0,8.890167036234569,40.894299601886196,7.052522935796216
266.0,9.909985591255275,26.5093269696893,3.660539674990119
267.0,9.905733677433629,29.505460102909332,2.980843252593081
268.0,10.077450084646257,25.57753647803195,4.892124825221826
269.0,10.804506479149431,36.67988047658601,6.182830629068635
270.0,11.098866238256457,32.41757562451299,5.165721890986191
271.0,8.998230941668359,23.000780983807687,2.6816926781808856
272.0,9.623711431160592,32.420970542299244,3.2790409573583124
273.0,8.819443108097826,34.9368675277079,6.390098780142473
274.0,8.04654086587336,30.072945097406855,6.843732591431582
275.0,10.092036109676828,30.38330221648618,5.645842796684394
276.0,9.228691751324142,29.00416412714337,4.527942222805052
277.0,11.234997402976063,27.24557004219321,-0.6636639533925432
278.0,9.761807048037735,26.97692311678682,10.372571009273997
279.0,10.37282209281522,30.11429135887515,2.332108328617727
280.0,10.846074678747883,30.38229155610389,10.476792232266227
281.0,9.852576951148489,25.876782987467507,6.331092170933298
282.0,9.94351360255783,29.76764984859685,3.1451284262160373
283.0,9.405061972394211,28.502585318380692,0.6249049752209279
284.0,10.954767364075698,34.85828068069042,5.782089790528352
285.0,8.718415310276617,25.20762584695133,8.107229532505935
286.0,10.311889148008735,30.554239925504113,6.875426663210964
287.0,7.464120159229175,26.879086448953352,6.781693761963968
288.0,9.893653928831844,29.049541727550658,3.136360325494702
289.0,9.990953825209196,28.9451518301044,0.9158475031434605
290.0,10.763067818461181,27.239992695599877,1.9560108886650744
291.0,9.931725307027698,28.677484549367147,9.198531166312193
292.0,7.655213047017716,30.453339348059444,0.5078911496821341
293.0,10.064921602261617,34.01787900982011,13.648088786513421
294.0,10.656514304436808,23.144487139777446,4.450716490376344
295.0,10.04303171557554,24.81388783816926,3.1140468454798245
296.0,9.020621207873083,30.303898633432922,2.922079557798761
297.0,7.881972119188973,21.545914909422418,5.223455533200424
298.0,9.268539711176173,26.3342087810959,8.561224202194829
299.0,10.207987208099803,30.90952665813134,6.865740738677589
300.0,10.534031795914862,28.60497683602029,6.680215274764187
301.0,8.26256364931868,29.61862472704632,4.759516881636425
302.0,10.171524176787283,22.74051956934214,-2.201436299519232
303.0,11.585465276610297,27.783366412634805,6.659888462360336
304.0,9.110420588830028,34.03874631469427,4.242031608380037
305.0,10.36606035925163,30.265397235890717,4.3291912709285505
306.0,10.393343513161323,32.24583146227673,5.9638762041523155
307.0,9.230924860440467,32.25137701454959,1.2651183811677709
308.0,11.104738237889164,28.12670353654417,6.234000584669673
309.0,8.303070966150766,29.149828303186297,4.249117654174972
310.0,10.680783663265437,27.585381380128812,9.931862484129248
311.0,11.417324650601044,32.274160693617716,1.7285880758522252
312.0,10.563299169053025,20.34003721612137,3.8773005397139317
313.0,9.620369695762689,27.515210317358765,7.99883856138082
314.0,10.005614352581388,25.202783257113467,6.0142744417591585
315.0,10.379337012186038,28.224555873990173,-0.806732574443811
316.0,10.087266524609802,29.600188397631346,6.742211168945211
317.0,9.500493493547715,35.5460402039408,4.27536457350627
318.0,10.431309335372472,37.46689275535885,7.750004655752221
319.0,9.378221861070525,27.29407886208358,0.5578482512644101
320.0,10.232336023851621,33.2442690283641,5.908859800475178
321.0,9.812903238021674,30.495805523149766,5.376532770077393
322.0,10.973489948591869,30.531268061070342,1.379485164146022
323.0,11.966265922458257,31.59934549246914,7.137163160101539
324.0,9.950436268159358,26.169042985927167,0.9882231100708907
325.0,9.379132078818756,28.491917346432253,5.177120720368853
326.0,9.066199219777895,23.962309831871803,5.40791138539946
327.0,9.421676567775128,21.642464596243965,6.405950330065416
328.0,10.160150193317373,30.601782103366183,4.478306239389367
329.0,9.372854464659744,33.88841095369406,4.855290281099793
330.0,10.259285881992602,28.078563735220595,7.355017701486154
331.0,10.03307718728063,28.73526411034494,5.104388595648866
332.0,9.832385886556233,21.812270511889174,4.65041847704551
333.0,8.97569016053885,21.1944003629508,5.062069780811497
334.0,8.027176923315682,27.69221119311824,3.8470300531211743
335.0,9.923261259784251,38.205565358660095,2.8630947236527193
336.0,9.593573833360907,37.4073283163387,3.394479998429712
337.0,10.713625102615865,29.30586475510417,4.399690913779038
338.0,9.801536263127469,33.26350861373768,1.6364950745517657
339.0,10.08902610978488,31.693424683562565,5.8392718647437585
340.0,12.194837332354277,28.73116778865093,4.862661016741567
341.0,9.217414290633453,24.885624885164198,10.203682583678493
342.0,10.766340887315764,31.27658556410313,6.189207401812004
343.0,9.858965360445515,28.02618305106603,3.337578954159155
344.0,11.031791927556462,29.214006879172835,11.106250888148779
345.0,9.384145273998556,40.9081863813109,2.3008496658434066
346.0,9.256786800612005,34.59578371237731,3.949924025362944
347.0,11.598474736025324,35.495257866126884,1.915426627474992
348.0,11.056446908530157,30.624331459651017,1.1393400446974509
349.0,9.75210320289765,32.77861438962657,-2.8248268216143
350.0,9.400776205218751,28.0650642492918,8.192306572019213
351.0,11.491655407328976,29.0493338703983,8.64341181183401
352.0,10.280445470271719,29.028422045950627,1.5378623203546375
353.0,11.611182113465054,32.92450830856702,3.7975937260440924
354.0,10.857032588823872,24.932017588654013,7.510884234891622
355.0,10.58540397311657,38.085610296876865,1.0171483954124172
356.0,10.860621845169172,27.231024969912497,6.47527093467542
357.0,10.387910035539317,32.38183788476708,4.2258038925376535
358.0,10.48500941003066,33.807644745312274,9.358648286503776
359.0,9.751487504291923,30.071251695075418,4.936341524274253
360.0,9.749099087056068,28.935801922871004,3.1484134220398
361.0,10.544947188439142,24.12222917261134,3.4432610150830563
362.0,8.618617513910152,34.35781900496177,8.051605591873388
363.0,10.718842207580977,38.941562875673064,3.997176654467001
364.0,9.164766494476066,27.757218779916414,3.582047077003423
365.0,9.164750005233422,34.02512150306544,7.5925822327088905
366.0,9.826854942437807,18.288878350371526,6.092304608425594
367.0,11.050659890485578,27.961644102462028,10.163862056061452
368.0,11.576259428567907,27.235334775355348,0.2438381342790752
369.0,10.731517487413127,38.843379941621464,8.7930581043252
370.0,11.126690293240515,29.59619051564623,0.4822835703401811
371.0,9.37636091261373,35.03511318267616,0.7453487853511636
372.0,8.527572160471555,27.848798801283525,5.62918043070003
373.0,10.115401132527044,25.407151085197896,4.630510642571335
374.0,11.324972261723335,28.73042332914898,7.256146652106686
375.0,10.928423200930412,28.76748279786296,7.531418301715678
376.0,9.30805560556254,24.660634028814954,4.62607418705639
377.0,9.12975132678138,40.45777394496071,0.9490209680739881
378.0,11.315641617626975,27.846953792923333,3.67809724175952
379.0,9.52791293116515,26.4227197939109,5.219377825807379
380.0,10.673813957187187,37.79479175279116,4.216195110017068
381.0,10.3312274073975,30.862046874097313,3.765291078575293
382.0,9.07128001478446,31.956505545850668,2.027633071878718
383.0,11.256866958933198,29.474269536146497,-2.3119932857257606
384.0,8.53607688458728,31.594535370550364,0.22023110256087985
385.0,9.085748679332154,32.7945645162061,6.0588636589386855
386.0,8.555492960077851,25.975092334630087,1.1742080176066718
387.0,11.774528496351985,29.882772024321042,4.9728747242071085
388.0,9.27326178476263,33.48988750521812,5.465670179767955
389.0,8.66028124887278,31.469769185611195,8.986956645047336
390.0,8.30153098370296,31.604076043010394,-0.2282231952457563
391.0,9.285728460795646,39.10651198664629,3.64352076287881
392.0,10.707941180687728,22.617147914126797,-5.085580709021851
393.0,8.654376384914373,28.833673901839664,4.179809117527532
394.0,9.959866444707364,29.218322826804883,4.909929430965395
395.0,9.916145312278662,37.51023313009804,4.689687663234165
396.0,9.887364555410514,23.80001763058764,1.1532504105563843
397.0,9.020637397734209,31.35922390093597,5.930000577972645
398.0,11.962038075781969,32.49280025741687,3.399327477807381
399.0,9.946807886806905,28.412483875277694,4.44790313853918
400.0,11.337598715006713,28.64234613593406,7.8745886551031985
401.0,10.386593680196892,33.58656638957666,0.5470615108863708
402.0,9.403725963267878,26.805576448421945,1.6354487046774113
403.0,8.468504260248405,42.765584330259486,6.461636999444206
404.0,9.079148907181313,37.23043776493613,4.619829572225754
405.0,10.599560882209435,27.155706651500598,5.772876730614789
406.0,11.605480922660742,26.81023666090464,4.36815700375555
407.0,9.341191744166375,34.42527055257399,10.162579899495185
408.0,9.20532016226307,28.319241599609423,7.731291461249949
409.0,11.369608439343692,18.53751248967434,2.2620393070685436
410.0,9.873041560315546,27.90607738181791,3.96666497559609
411.0,8.673829165056716,30.25328623495999,5.6852194436589985
412.0,8.583832876877956,20.258323748729513,1.1604264232190555
413.0,10.033986192230865,29.10012270830286,7.148471675729411
414.0,9.304553770513705,28.027306198775783,6.406775618222453
415.0,9.856199691024367,26.820373647842914,-2.4928927022097085
416.0,7.406110129420031,22.631339137457992,2.6358255952519056
417.0,9.491667403989931,36.46675224841806,4.832343499864873
418.0,10.003432255955499,25.034178558035936,4.56937777957586
419.0,8.875901901331067,25.17721436564846,2.447449413372624
420.0,10.879484257551166,27.524555296679736,9.948686033866913
421.0,11.110341480490266,26.595922107864432,8.174209031367237
422.0,9.481711117540975,30.93212276560431,5.371645826076108
423.0,10.13472413965862,31.66932832899893,5.269465139420306
424.0,10.220773909621931,31.31907529676345,5.977506136561507
425.0,10.914175530775191,34.07019461269593,5.073650617085271
426.0,9.304394017409718,37.3173268789631,6.632748879982965
427.0,10.198257913003797,34.8866104305063,4.883625913492603
428.0,12.26540777069264,35.25971884957457,9.048163871109386
429.0,9.097473590064377,26.194515455101886,9.86808415394247
430.0,10.346863289712633,28.496919371851167,5.642107813436709
431.0,9.742429388788826,24.441066862457177,8.366121346769674
432.0,10.13309375998501,29.296241257560002,3.5356375514738914
433.0,10.587715627486181,29.610541852163657,1.8048742938982558
434.0,10.682745191440898,27.865449684704085,1.2771302403153255
435.0,8.90786847601668,18.763789608741607,5.518479917492124
436.0,10.746476022715909,32.67903776963043,2.5367797268526298
437.0,8.81490216740761,26.159098966631916,8.067847928472435
438.0,8.803214726018727,33.071078357862845,4.794839549567891
439.0,9.785965909693322,25.91403492995152,10.331180522018746
440.0,8.330446903048582,35.37043814508338,6.843327170185967
441.0,10.675929261908236,31.95000272405791,3.35013056829706
442.0,9.195180673852082,26.837763121632833,3.8809708294934095
443.0,8.505017923429396,28.8144117557571,-0.43279197907534517
444.0,10.61071537013008,20.411406048637822,-1.0695553545422136
445.0,10.639020922139375,28.37798338711299,7.56994832262378
446.0,10.028886396884495,36.30306141999352,0.1336711194291471
447.0,8.814022571692083,38.65615705943824,3.827909947902051
448.0,10.024368203212196,24.18082314068134,2.9819124064070635
449.0,9.687106597974942,29.302590157325174,8.418368697991307
450.0,8.051557860304484,26.09792264111414,6.671372132960146
451.0,8.91886731323024,31.48448454301229,1.7670892847825455
452.0,10.791635128823536,22.07397827074113,4.389847956909105
453.0,11.487704512096819,33.45632890806203,8.743915054576703
454.0,10.143241294195676,35.44219772201263,7.931250900064007
455.0,9.042054646824864,28.71747840347719,3.6847126213620283
456.0,10.468265482624467,32.838446092606645,10.368009333152028
457.0,9.443325261035323,34.85193079962794,4.9436008804163105
458.0,10.064988341484417,33.075411101823825,7.600706839336381
459.0,8.93961928930934,32.34932694762815,5.4826429260963945
460.0,10.389554648870456,20.90593451561041,5.340600462553694
461.0,9.741646662422365,37.03362604712347,4.897908382053437
462.0,11.038387715699681,33.36690954474183,4.5181186260798505
463.0,11.09384955473299,32.78390535686406,6.196987304620311
464.0,10.649195457613015,41.647330986321194,2.546050959760445
465.0,9.193644758736273,30.893458117656504,5.3830229409580275
466.0,10.169272509407804,24.621719475523392,5.4590471544414125
467.0,9.857698315800091,28.522436784266283,7.248060871435417
468.0,11.105833579657874,27.877771594588435,5.141834334211863
469.0,9.255344880347465,19.3013876527453,-2.663364083162376
470.0,10.115865850723566,31.390678759670543,10.428770784145499
471.0,10.357212576486104,34.027966439367596,6.620063330402893
472.0,9.767208999066842,23.9806046389792,-4.8948701052876125
473.0,9.748561987796029,36.32577853724773,3.319343650905255
474.0,10.495227474171891,26.31023377975422,7.848075112697201
475.0,8.643063161365953,23.59772823569691,0.7861620088838883
476.0,9.182619873989351,26.021220433441982,7.142869216430848
477.0,9.227082780939682,23.717103804183054,3.3936205280642886
478.0,9.838094587145157,28.79330969111472,4.798843951247443
479.0,9.316382000844307,32.931024537163566,3.5578163054176377
480.0,9.19419644516268,28.280172575903656,7.429018571009884
481.0,10.220071659927102,25.70061706734271,2.313769177970732
482.0,9.680459079104534,24.63251464727646,7.29851621541701
483.0,9.929180643061562,28.71231750667807,8.272139180912617
484.0,9.002830811616937,32.07944313741087,3.864503184368984
485.0,10.788910793065412,25.186829632469802,5.637983696264787
486.0,8.591593832534231,32.029960257239935,10.505767741262957
487.0,9.474979475469945,35.67254685280963,6.126089694974643
488.0,11.817427149061544,28.65323527348756,5.307776973037654
489.0,10.88951297091524,34.784581857633334,6.35120179958272
490.0,8.321409048779802,25.373220070881224,5.4834985192620955
491.0,11.026890191849626,28.05475894193438,9.017826949561819
492.0,9.14692151279761,28.321703230630938,5.572553933411504
493.0,9.948488246500194,41.1441990520614,3.696270803064682
494.0,11.753428072104175,34.351215079182815,8.174201622836748
495.0,8.705635833747287,39.93983510158469,6.218677332342273
496.0,11.153605243837346,34.828575240812846,1.6305537142956594
497.0,10.97691373084156,32.195247666812676,2.2107768550236937
498.0,10.760355363284361,28.70064214737785,3.9667312443284874
499.0,8.599638931259122,35.96919204946673,4.123757654094238
500.0,9.804221473781363,29.25310862647377,2.5565003863280102
501.0,9.908858961105786,29.793324701678568,4.655089545379834
502.0,11.287156948720442,32.213227177751556,1.6972951395751754
503.0,10.497336972967307,30.306242494373496,8.46493018922682
504.0,11.015413343841688,37.14702147692193,11.61610373543926
505.0,11.438628214697678,34.94398867823874,7.644053236726451
506.0,9.279314171152079,40.484155253293444,7.083149998410612
507.0,11.316659030848742,33.371896733041474,2.595550059339875
508.0,10.44279402464826,30.314562320580315,0.9647238871333244
509.0,10.764013174681253,26.535962167010812,8.149651095741293
510.0,9.692723830871065,19.090499368829192,12.026507700571052
511.0,10.7744254183776,36.79508325362826,1.0618748356677488
512.0,10.160409225368197,29.211423433632493,2.2571431910250617
513.0,9.805497710954947,39.9199281964073,7.04197634387223
514.0,10.919487380862723,34.27638138564595,5.624906305397212
515.0,10.961903250743463,24.545226432771756,2.9057085792039707
516.0,10.508504086248989,23.65972589518002,7.541694518330351
517.0,10.181363248999933,23.415656447315346,1.8609319180994204
518.0,10.111868550647747,31.348671597687993,3.250615843707825
519.0,11.304155799745851,28.225400180893256,7.29766109449143
520.0,9.379913201727495,29.063805706703576,5.867205293147105
521.0,10.962147230592835,32.23583825681043,6.688819747489756
522.0,9.352993360757322,38.132619169377804,4.441012805105793
523.0,9.708053541496517,25.71163128264924,2.5286712312222366
524.0,10.30249248704222,32.676891092382924,6.785887772901984
525.0,9.370338096458294,14.962211098694047,4.158340691011871
526.0,10.115342856259124,26.238059110145883,6.957955141983213
527.0,8.756395516455038,32.515402110116874,1.4513011715656479
528.0,10.184905669862713,35.85709747623976,3.9295189762487968
529.0,11.139440908367769,29.700550742164044,2.0285937919000983
530.0,9.80816733023481,29.45590505067812,3.812685952246497
531.0,9.546312407308774,31.468924045267,3.0577948168380455
532.0,9.259679735716778,34.542508624796845,11.85927193730912
533.0,10.162180747931217,27.827638677070254,7.020907364120745
534.0,9.67996182464277,21.788185614338364,3.886646237624353
535.0,7.235912111171139,32.6628109131162,6.7180176412593
536.0,8.3312416799068,36.3457664541449,9.975577705460786
537.0,8.18174365004836,24.507075678762106,6.342828816952521
538.0,10.108201818257523,32.71011091038177,1.6755914370008442
539.0,8.424193898683479,39.415602821375884,3.3128490618314066
540.0,9.747166046497929,26.69356344533353,0.06358523284306372
541.0,9.472005818807737,24.456462081317774,2.101533415663201
542.0,8.692134764274385,27.28240960471229,4.920645450955015
543.0,7.7744267878318505,43.17290565406877,6.658362841097303
544.0,10.020941465981458,35.99033441595248,2.9962701416254305
545.0,9.53266005674264,29.700376023398054,4.180109493552899
546.0,10.50478257416131,32.85761972180917,5.241456319122533
547.0,9.576993159978658,30.179447481913265,0.16346923896507448
548.0,7.523336724193017,20.754110891711896,4.3940896969591865
549.0,10.877415000486414,27.527384054978427,7.854565221980901
550.0,9.180000977696402,26.697478144889228,1.580076939766367
551.0,9.128402461944635,26.134797994013837,8.019041173996307
552.0,9.724993100810696,32.29821684247215,7.763265155362437
553.0,11.201706240967976,26.874370317347967,7.738105457065944
554.0,10.336708608624592,33.46819151877839,4.50027208688514
555.0,9.571023025827687,32.96742331589874,1.9854957301924046
556.0,9.867785492343351,23.126963907921652,4.521132256387539
557.0,9.67328925122558,29.470198605379437,6.184712271517425
558.0,10.631076304220027,23.659967501258937,2.5261311661411754
559.0,12.901092964332573,31.67239267380898,4.957311143368766
560.0,8.603519018760949,30.581463547508328,8.200503284476643
561.0,11.30904857231896,36.28036274935327,8.394574950928309
562.0,10.466382078057883,33.65546609870024,4.154071297460796
563.0,8.649659525489843,29.072508010846256,5.821976199496613
564.0,10.89410735332353,37.311981464387436,4.019671495645332
565.0,9.895779910292246,28.357892860583064,-2.2784454593287062
566.0,9.003951388864865,32.69222830168024,4.487032558512405
567.0,10.823260573770176,34.95879268037961,4.695993797566817
568.0,9.949556060672684,29.6077516893882,6.744271476384272
569.0,8.042624320082671,26.90206672157046,6.72885050682419
570.0,10.11051902944841,25.1436985937861,6.1314978067760215
571.0,9.158264102604738,36.10588839361358,3.758169359408979
572.0,9.761985962361177,28.392190213772448,2.8829719020779407
573.0,10.18116601871803,33.288494952853796,6.075029323923051
574.0,10.134647979335663,21.840055550531996,7.612352522656297
575.0,10.605255909773412,28.186020164843317,2.6436533673884073
576.0,10.586686195481,31.98445378525057,6.378566443250974
577.0,10.14604587832591,22.688597470586863,5.244332713948891
578.0,11.228286261363204,35.40341814093449,5.213724584003446
579.0,9.952272579536006,28.378970733488387,6.68958745397176
580.0,9.857149078800854,33.013136357865804,5.352482895741871
581.0,11.16271495513639,28.268074612241428,3.393049791822552
582.0,10.556633806290234,25.424272076508903,4.979216899303781
583.0,9.479904911103867,39.21607892821548,7.490935062967793
584.0,11.611232489643292,30.345033042545914,2.32056484184214
585.0,9.897956042635562,21.985392632807667,5.407191766025887
586.0,9.91402133100034,27.420686937215063,1.8613640147742112
587.0,11.060606147777332,24.394901105438027,0.10392276862405758
588.0,6.94949236398576,25.856986372170432,8.359851058626315
589.0,10.028127008888577,36.43098946534367,8.242241644047848
590.0,8.416761233636032,43.98510665723225,6.348491557334718
591.0,12.826781319801789,37.2154933231065,5.252522190980402
592.0,10.733709955965859,35.589194668466064,3.016390988227654
593.0,8.918648349800087,33.87681654761012,5.578090880475875
594.0,9.883791024490762,32.52497082404916,7.10188865485019
595.0,11.174495539124871,26.878152099965835,2.489843971437533
596.0,10.33375481337582,30.042777822106604,0.7746670964305178
597.0,10.401635107046253,28.31018669225108,4.329228549780282
598.0,13.195461277640156,35.41088908848761,7.732047032017819
599.0,11.408340874604471,38.1137174850123,4.860701601787207
600.0,11.039446309558897,33.95905036313109,-1.0169978097678545
601.0,9.004906815368406,32.43500774304536,11.064016375437422
602.0,10.182364942396145,32.401856366507445,11.18972728041996
603.0,10.48084795452733,34.30525864371865,-0.15067125563641248
604.0,9.738192781374526,36.633287310776566,9.5926599743001
605.0,9.820642983122477,34.75560593062671,2.5805827669969825
606.0,11.542708407204557,28.186527460822894,7.276509901675287
607.0,9.942383853033553,26.468016858719697,0.7678258884759614
608.0,11.15570417081009,32.6287903253982,3.543124472556051
609.0,9.19466889097369,28.93675645884251,9.756455578447149
610.0,11.115234627577909,19.46901011472269,2.322640864283506
611.0,11.803974193166123,32.59319274477355,-1.3284527436934468
612.0,10.064718712461586,33.4610116458532,3.5609622008309536
613.0,8.62747723597425,36.813846114987854,6.191522610614805
614.0,9.633021421735915,25.078368547766086,-0.4962835109911987
615.0,10.862667367241722,18.582444719802318,10.798056225063075
616.0,10.380730498804834,32.54347116056342,8.619298158604199
617.0,10.521827133603962,30.90674146491843,6.811020718225023
618.0,10.23782628842894,30.45584323673281,0.7659741282666488
619.0,9.093381621158361,23.94953630664297,6.059490863990936
620.0,9.946744708953165,17.430546708813644,1.2791462493119496
621.0,10.064628506614241,39.39811207903448,2.4197708877172177
622.0,8.83517015773988,29.022301216438947,1.719903593854819
623.0,9.980407717959661,28.216375471846604,10.217763343753237
624.0,9.661839975301817,25.584658069651702,3.3181301002058343
625.0,10.973354616374653,34.656639726305016,1.727912798320871
626.0,11.188725515961096,28.677283412535758,4.904509528552695
627.0,9.339777693821684,37.0064065883228,1.059306652133774
628.0,10.999374898936937,23.169654259654624,7.27797646878112
629.0,8.972289509852141,33.143534626939285,3.6681395810735693
630.0,10.408104768025261,31.898490017901953,8.71781693319165
631.0,9.8305886650635,29.08353693297639,2.1721215848235245
632.0,10.153032237681023,22.239853981080017,4.358050179541547
633.0,8.463102220215896,27.42707240222068,4.578455031693679
634.0,9.24183692855933,29.669518993850808,3.4168154429287867
635.0,9.733351500696548,28.472703024849388,6.10132305904574
636.0,10.091493640908308,37.51162959405549,9.250098875826103
637.0,11.48883841189898,29.19989593571432,7.776000475389215
638.0,10.157472909333725,25.354065963759567,1.2256043398739358
639.0,8.988179700692433,31.046050985625126,4.760998190564909
640.0,8.22979208935706,28.944041668597183,-0.04441095141878115
641.0,9.872628558853497,29.96835270213938,-1.1790981508819796
642.0,10.055001936445917,25.645781936310136,3.0673795548121117
643.0,9.412301648186135,27.393573389572154,5.8598054403872055
644.0,10.370104720489294,30.935116187341453,8.227581808842054
645.0,9.931116499246253,28.13384009186751,6.7470270305664
646.0,11.053119774401948,22.708278416350346,8.40073590682957
647.0,10.7985476806315,35.778338596499985,4.9556566790054015
648.0,10.578301398173942,32.36147832734481,4.005389585873986
649.0,7.944043074224606,28.763279104500274,5.179570833823712
650.0,12.233661720449671,34.973141915294285,1.3755227253387474
651.0,10.064368055107142,34.735046635088146,3.829187044920668
652.0,8.857646776709975,23.46253415744514,4.328008021458428
653.0,11.16069394675772,29.02867554713433,6.178557145985364
654.0,10.565886181511553,28.81404550887808,4.866435367147812
655.0,9.140908078842054,18.148701504107446,1.6849638813155545
656.0,9.494408999179935,25.60086337992636,5.279673863931088
657.0,8.58576048446931,26.145039497081473,7.53989271394833
658.0,11.026082069201355,30.943145906348242,-3.8606713215599484
659.0,10.548307357821136,37.04605901062,6.86317318803399
660.0,10.669475557762052,27.880079270278486,2.60552810203306
661.0,9.903459617081834,26.202586802643836,6.644161690960871
662.0,8.591549217477215,33.51538087151954,1.2605462307253044
663.0,10.398783390239355,22.085352944330534,7.7452125642158585
664.0,10.430981404130481,23.23175537120978,4.0819590712803375
665.0,11.36564030347052,30.386300177013467,4.016503512758768
666.0,10.379213957012023,34.470030952178135,5.1258019727596125
667.0,11.058743011682008,29.709562076095793,5.140786211367218
668.0,11.388733932885842,28.800846395807618,0.8830014269953494
669.0,11.251859431595173,29.333452424679844,6.319694900555277
670.0,9.982445596360325,28.19540147906551,9.760684833451585
671.0,9.103984890756513,31.578036503938584,0.8857182035274658
672.0,8.559715226827347,24.294038804361495,2.973968494030374
673.0,9.862415485684133,26.3528605462788,5.422862097272141
674.0,10.176243062035747,34.4515623842891,7.9779057289401765
675.0,11.291920104950249,23.960909317274165,6.185820750896633
676.0,9.023238168963152,27.024744386439565,3.278495828830966
677.0,10.03283142399147,26.204555928921543,9.825627377001716
678.0,9.750229881155343,27.568889326625765,1.3366081353820358
679.0,8.968062416441306,28.46157651863174,6.6964635449221
680.0,10.612115172840099,33.58578781479136,5.518786582073491
681.0,12.196687363672005,27.566385250524384,5.1396872185510825
682.0,9.778279317138566,27.857142408464107,9.306476907902296
683.0,10.173261946554359,24.374362589694993,14.30940584698455
684.0,11.712747201482616,25.655339832492047,5.0110471280618265
685.0,11.455353869964771,33.83985335479437,1.6964705730400254
686.0,7.893563290018729,26.07899759140005,0.05148253991383456
687.0,9.714854177701396,25.69709522478285,3.7529833660630008
688.0,8.077496275283266,39.68242569538018,4.345196838652109
689.0,9.113968901332084,35.260809893523806,2.2901980966715074
690.0,10.910441953604154,27.022896264262993,3.7023305561850695
691.0,12.51032475512698,39.700374325260775,2.709424981137054
692.0,11.768638105397422,25.766654015002658,5.342255893299924
693.0,10.54441076266824,24.256096507320414,7.891053063596354
694.0,12.36144834941541,30.720706297806952,1.1638725433859838
695.0,9.866164137860634,30.41659728772919,7.368013698166527
696.0,11.213786676278488,32.273084866635834,4.350048121011208
697.0,10.544162369026228,30.441394676888557,0.8990333559386814
698.0,9.22439004721264,21.17817243134928,4.554556710149724
699.0,9.502767866209027,27.371422886629546,3.773051486620103
700.0,9.02245771896672,22.387209970343555,9.867473819739585
701.0,9.05995851431701,30.545383912782015,7.708321430341442
702.0,9.797394265334876,30.175916961625354,1.2436134342457072
703.0,9.88755142394456,31.55959623435116,2.9787321418438353
704.0,10.400941332616219,36.0606872594211,10.187642046743605
705.0,7.821603458468626,27.790036397863346,3.882945904081267
706.0,9.904571427701583,27.620469775789115,4.454967620721315
707.0,10.293296742023063,27.94584626683094,1.8219049970115586
708.0,11.613170589009874,27.099696783996734,11.44794674055032
709.0,9.273088615699786,28.66264387329749,8.008910672500782
710.0,9.522562406027859,27.887301919207065,3.63376617357796
711.0,11.215289623639144,26.66288099694077,3.833642727233152
712.0,11.943844107806818,34.28340189681651,5.458559188677893
713.0,8.622046071868716,32.6601300097936,4.718066496755165
714.0,11.391153078507052,29.621111787655593,10.380621466059614
715.0,9.95046380688426,26.46647207345968,6.751090484986163
716.0,11.043288917792994,36.20086993659525,1.5024856914165667
717.0,9.598134408827885,27.034478487742742,8.420870995532043
718.0,7.863483726384284,25.60952248425605,11.78860604248397
719.0,10.773584607334726,34.091142215855996,6.96479296249619
720.0,10.876131229924166,30.907178032475365,3.2297246215561914
721.0,9.935854173585273,29.002033492740225,1.6724036874571517
722.0,9.262036979641298,29.193228023772548,1.7740597895673362
723.0,10.285316392528971,26.773757894332952,5.6366467451629445
724.0,11.026222287192688,28.55451591606717,10.754072945328907
725.0,9.393190063521862,33.476872863781885,10.932868019341416
726.0,10.116496644516484,28.09550630708898,8.27632372441381
727.0,10.665249913869799,28.744057231661596,1.776845034283241
728.0,9.811064684332866,27.493579750442287,2.243162963814079
729.0,9.652629160623693,27.546362161886467,4.3111256720096645
730.0,9.598440804537235,30.631994476519882,7.375543119064366
731.0,9.166413912271162,26.988018416867412,8.69400606231126
732.0,10.034156298266135,31.20474091993398,6.23316653155001
733.0,11.64560559544776,22.10789259471279,3.6255527789919624
734.0,11.012930078535932,32.60739075067613,4.938190869395316
735.0,11.536293169048234,33.95325309977876,5.77607449494392
736.0,9.136675152137066,25.048153807971374,7.045823320035399
737.0,8.32585129665559,31.291528157174007,9.170286016379603
738.0,7.059982079364202,44.230769538425434,2.023434336451206
739.0,10.368118509428424,28.24721326413376,5.1427696659765
740.0,9.538103801145155,30.173618089886205,5.118383826787344
741.0,10.111839993368218,21.106745915597525,7.031563061437529
742.0,9.391689350750415,20.045372428949648,2.5499012853151317
743.0,10.56188785850305,29.13194007216511,2.107142252355616
744.0,10.431451276243243,28.12699949955606,3.457592496680968
745.0,9.817746901724497,30.526327495883496,4.433002881502811
746.0,10.586323590194867,35.97591298605538,3.4110541518280932
747.0,8.400689702530961,36.356536737519775,11.230249751265289
748.0,9.343482497021018,36.380065306449865,5.598944864250223
749.0,10.63858476143338,31.80983797141507,4.856810039974804
750.0,9.899164552462052,27.557530505294775,2.9524803455716184
751.0,10.46637581317033,30.210051805854434,2.138079519664094
752.0,9.093370921269148,33.266290046540185,5.677672654010429
753.0,10.797984914834629,22.774741321737054,1.463604757807988
754.0,10.05834277432867,41.69820887212113,7.319912881646737
755.0,10.594678749085482,26.09387314161806,0.39913181554164634
756.0,11.518745989172206,36.746643556455275,6.543322129000656
757.0,10.377156756620307,31.23724599965074,5.6379949942699845
758.0,8.19719991996922,31.61209137498364,3.046327053240183
759.0,11.185428901419266,30.754280668698737,2.442340436821805
760.0,9.124534656708795,28.836281140929696,4.5569794472313365
761.0,10.566995199060377,32.67873906326308,4.8232956022882005
762.0,9.726150763181868,30.445634786584456,2.1142101191882117
763.0,9.240082081641196,33.773863168362894,0.5676885738302655
764.0,9.36003251767178,27.288238535655207,4.657927263614943
765.0,11.720862716827796,26.612419904703362,0.9114785863292045
766.0,10.009658495131097,24.263769327494916,0.7886239585507049
767.0,9.785600054115912,39.84615908541029,3.8579912395525024
768.0,10.175968869062768,29.46993389068941,7.18249531663688
769.0,8.579506345791138,24.615113940163738,4.699617712125899
770.0,10.109820834462445,31.48837178860331,7.494513384490108
771.0,10.933703985401488,32.50796246574169,2.3137548773727437
772.0,9.506390038665474,29.002578321864835,8.105387150032445
773.0,10.669929761080109,32.13106357864663,4.637874515852914
774.0,11.48482888962772,25.494173382955328,7.286304665414312
775.0,9.842478842490284,32.75019875840857,8.150108171300925
776.0,11.558156407606145,27.99119399378327,8.030315584098647
777.0,9.571634664239973,37.053446787936544,6.9183709077800115
778.0,11.099515904905065,36.06718944909991,7.225288711567339
779.0,9.706942384200373,31.051531806627064,2.791267406636332
780.0,12.440547180592027,29.68705691956307,5.954641917224092
781.0,9.661919711884888,25.41258525643945,8.978137940660844
782.0,9.38882087291159,33.407447508861395,7.921416486423894
783.0,9.447339922048915,35.996051844339796,8.78976007944372
784.0,9.71090195837847,32.43532870731163,3.930927897179825
785.0,8.153472649128497,25.49674615604811,11.929707899502255
786.0,9.079146777194717,30.309466441347453,10.64749393832686
787.0,8.969867338705694,29.732169225996568,5.786829849778201
788.0,8.926508696632057,30.453054016140392,1.7615132480237263
789.0,10.857338274492225,37.277806085359174,3.1761722815847953
790.0,9.144953769058112,18.5339666153471,0.17298634295738502
791.0,11.949824681614896,25.823486356059615,10.724683898150117
792.0,7.999756586105866,32.078675828910306,8.4659853904377
793.0,8.124287359828033,38.140743165629516,7.217113795084455
794.0,11.620952137139401,35.22273845121965,6.559819954566388
795.0,12.226644105875257,27.31993485760417,8.32832553312213
796.0,9.999245154466971,27.94515472911093,4.279167751828039
797.0,10.456954352284416,29.25065611733593,7.782678724170255
798.0,10.596548270803304,33.32719383566114,4.232947878941886
799.0,8.576146711456452,28.264423855210307,6.733001981842715
800.0,10.932119587648554,24.849739121428687,1.6890782318362114
801.0,7.8375802575278755,26.673692086809908,1.073622014032141
802.0,10.837067064929752,30.754069655368923,4.683491885669817
803.0,8.789545698223776,29.937384828112428,4.014102791070053
804.0,10.476023840772182,27.756341201352875,5.791717892918365
805.0,10.029995623747357,29.99114402982711,5.413867439414396
806.0,8.680627869189577,27.327616781642746,4.742059281455023
807.0,11.81314853282102,36.455037327527236,6.218511266182638
808.0,11.615624010437777,34.788498382080654,0.5343259529961957
809.0,12.724629070134963,20.18083444972754,5.196311064868153
810.0,9.916133785291684,24.859271423440465,4.685825846928199
811.0,11.330284784149413,31.13955192947253,-0.046695375751363066
812.0,9.955703645444101,27.765229315594368,-0.7223677827597932
813.0,9.478981597254412,29.044494663590335,0.6197085503398707
814.0,10.79091003925485,31.117187376585818,7.96200066395879
815.0,9.01254670845793,33.233181144834376,5.362292937359215
816.0,10.71126995895732,23.46606155592835,8.78480210664706
817.0,10.279216759751348,29.084948579624818,5.198481505167936
818.0,11.574438596804438,28.40162466179723,2.695009992831472
819.0,9.62112116519237,29.479216125411057,7.110664945187644
820.0,10.545569245875416,31.519237081094133,4.88283117612036
821.0,11.378059336866166,27.486360122128907,6.044754818252053
822.0,8.59500920938663,28.21004401448041,3.0224163875922105
823.0,9.897538903422902,36.68141019327064,4.383036649168608
824.0,9.754532153354525,30.542264727934253,5.325793511296736
825.0,8.380545925242627,36.91370070243601,5.1997671143976385
826.0,10.047514113817146,27.99294694274368,3.5607734454433153
827.0,10.553014479946372,29.828984667717815,5.879392487047049
828.0,10.950426085807983,24.503429921888014,1.685279368294391
829.0,11.169064996218907,27.101870397502147,12.04053970093225
830.0,11.020688392751525,30.23499965448201,4.547265737110789
831.0,9.059337699917334,30.03771341411731,3.2468659289328516
832.0,9.014237351788926,22.28928430545882,5.510956302161361
833.0,10.454745395114388,28.735128280751077,8.357788844884947
834.0,9.082703366760718,30.53587322499257,4.707883139501926
835.0,9.357003421708974,29.183596338397688,9.18071910217459
836.0,11.298166341854241,35.49339944918353,6.1270474851146925
837.0,11.01840096777858,39.38487661245814,6.506605872853372
838.0,10.475666193266465,41.36780681525055,6.173681221170834
839.0,10.152306786519832,35.44983556473646,4.241900155010154
840.0,9.839198624817286,27.62296918103158,6.137062815500366
841.0,9.241549734231034,34.41380641640902,2.082766906137478
842.0,10.478608432364792,34.04154213889084,4.329244538423372
843.0,8.94416236164777,26.098884768406062,7.611988250358338
844.0,9.70905338609977,32.881876726114825,1.3520368509784024
845.0,9.895257332934863,34.75230046352763,-0.8988901109654845
846.0,11.017356208867264,33.241604277936304,8.300306542636172
847.0,9.242569659661958,37.13334458651904,4.196153514047992
848.0,10.249345649739745,26.650483143780185,5.340150608437109
849.0,9.523817066917697,42.127131825766,10.768265146888083
850.0,11.497404557597049,34.5183647199257,10.125332474525575
851.0,9.896097603929482,33.69892118263874,-0.7404685648137708
852.0,7.681950386505544,24.422164249965082,0.6112442037381793
853.0,9.979055896521809,28.309509466401902,2.1613073695875133
854.0,10.900835332921348,29.349247146095795,4.451549261455356
855.0,10.957002067921408,29.23210395810521,9.572804976597274
856.0,9.541274357653235,29.207345394191215,3.8787245932160554
857.0,11.01643957166338,35.36398577530122,9.011347654122513
858.0,8.013419165315142,33.202778875384084,0.609124265281336
859.0,9.61241393315829,41.829598471661356,9.339595038021123
860.0,11.151931928314681,26.209149099870995,4.544115399185136
861.0,9.962427241199624,30.83282469960298,7.640816220992155
862.0,9.049745379346007,28.65798335419572,5.2011768558547775
863.0,10.20208208368709,32.859672039306716,5.995805071309929
864.0,9.61743635338479,29.533277934012606,4.60812749017976
865.0,9.65795312188538,27.57220390271182,5.611985873747521
866.0,10.119531182329892,35.25273210450923,2.7940192186356825
867.0,10.41657128111114,36.336679674378814,14.246942788247583
868.0,8.14762133970508,20.689636861151776,0.7715232527080671
869.0,10.03939609413528,28.262035643185374,2.795583113902611
870.0,10.715086100613586,30.512427526463572,6.823474585931307
871.0,10.162366062929804,27.830423812653198,13.610784095323757
872.0,10.046701489964743,30.207998428846878,3.551577012822156
873.0,8.097728906147257,29.300454539731458,1.557048632394094
874.0,9.821060939073673,28.60916592248602,6.197567106095512
875.0,10.873375819202316,37.68082921349899,5.418671978198147
876.0,9.315786994779366,28.75304307108328,5.236713567539866
877.0,9.56006153218881,28.373735265608463,6.396387805244128
878.0,11.347437035295314,38.20153952222844,4.50365815469695
879.0,10.28995064219246,22.328559015739838,5.513425942013494
880.0,11.007927336027173,22.885306888395895,3.2303927981521703
881.0,10.783007494077749,37.75482633811419,3.7122590422839723
882.0,10.437538159526705,25.071486634507885,8.597387700359373
883.0,11.612605118579955,32.80154114422275,3.4507161942427733
884.0,9.0382673723765,33.76173649130709,0.9000836398001351
885.0,12.376179603148126,28.57272285956552,-0.2821434679943593
886.0,11.55892837728861,30.655564192442817,5.828376226724625
887.0,10.424479022209932,34.42308036840321,2.310764989696846
888.0,7.277598390063152,30.186219996050994,7.47212814420843
889.0,11.237206117552109,33.93775144886455,-0.6465211658649448
890.0,8.341291468065787,37.522495483104976,3.981541005470061
891.0,9.342738168571332,35.14762211641912,1.1533521420650246
892.0,10.287903780641402,30.45256680200571,12.192290832821719
893.0,9.195570799274751,26.725525957459855,6.659261296368541
894.0,9.720426359086817,25.379426929974244,3.7054486620227154
895.0,8.15131371275428,29.546164565225244,5.710302475778857
896.0,10.634071483612859,28.272003740783276,5.186472991964851
897.0,8.339726341250923,34.79002764727885,-0.7889237725677765
898.0,9.084021859154948,36.58723342145058,0.9008953487658751
899.0,10.009620683451791,28.746946624425966,4.1447420260384655
900.0,10.31570464840328,32.05014549830505,4.382519935366421
901.0,11.820725277891341,24.713935306368022,-0.6862415743901202
902.0,9.985610225056272,28.214610111433423,5.14353510337876
903.0,10.980622193544907,17.070722914788252,9.723955456679047
904.0,11.070970266397177,40.95359728057182,3.4189405437357476
905.0,10.569076495036278,29.046894743702687,6.869725705737835
906.0,11.302256781925237,29.74399116925432,0.314939951919599
907.0,9.921322925263471,31.628579708318778,5.363737185587993
908.0,10.223111672527503,32.14635452845776,10.368920952892037
909.0,10.708803394414549,32.10799454739736,6.148634805513849
910.0,9.91562067188071,26.037803240774902,6.368097146838159
911.0,9.810445211195722,34.58769531349243,6.46184470589006
912.0,9.399050113381055,23.042236507834843,9.400500889571358
913.0,9.332712850920771,43.1673369948074,6.0657841156486185
914.0,8.304670138350524,29.921787296653093,1.8799867076470123
915.0,8.46229675278002,36.07253625414646,-1.1769436323199702
916.0,10.561303541717637,22.934022706795403,4.6812143690129275
917.0,11.873685692172572,26.603248726902805,2.2146728588930618
918.0,8.712383648167455,27.949351438084957,5.859231463363576
919.0,9.381273238546964,21.612806339205683,1.6918527702932948
920.0,10.176520822525863,27.930878609110678,7.634887667329281
921.0,11.576801143721159,30.524022503779857,7.534393691063879
922.0,12.628458717481445,23.32174144512028,-0.8120763961480293
923.0,10.540206142795439,23.382323133432553,6.085204049309187
924.0,9.757373163664791,37.732515884838044,-1.7901919022348318
925.0,11.483895661652381,20.466771271321882,0.2150602798087835
926.0,8.164921109872104,29.65086375097676,7.24035583854376
927.0,10.873484386007004,35.88306052507142,5.1922473587612785
928.0,6.354789414620406,33.188810034523705,4.2448478881653395
929.0,12.223106881456468,24.894171485177893,7.0373887717242365
930.0,9.157210056317366,41.18259076014265,8.317560878148
931.0,10.458172683736828,28.664065820693544,6.104277005750035
932.0,10.141659236992888,30.538665634697605,8.346659218099695
933.0,9.981296101381789,29.362914979334747,4.866328269148451
934.0,11.553154142898793,29.729867051612327,9.438339657567507
935.0,10.73609012086565,27.694934753574024,2.408413530653587
936.0,9.98134512568048,37.25542493091832,-0.948862849880582
937.0,10.099476373703338,27.83473299889286,7.406714621634512
938.0,9.796866266662189,29.912787423046147,3.193825055911459
939.0,8.832319183897663,38.81046245524653,2.6986164323913
940.0,10.738148136576264,29.378714329669936,1.8745099588737055
941.0,10.473592694751819,33.74512576844748,10.016326236706751
942.0,11.975512631559296,26.37490637757689,6.194678702324986
943.0,8.12119505832278,31.613591157067454,4.357545933764791
944.0,9.896452847026303,28.892970333860916,7.332170820433899
945.0,10.158504186225244,26.212674763222896,9.045886854595661
946.0,10.359751635238114,23.359297780002795,1.957750704310108
947.0,10.461104685520402,23.982446069554307,7.542900721206397
948.0,8.876542833972742,29.794728135947867,2.8389784612132747
949.0,10.0603254725013,26.25623060236445,4.806172448503027
950.0,10.582198504250407,40.39190613445324,6.037153958323843
951.0,8.35943812134164,27.30664769700527,7.201147785501805
952.0,10.932958016342692,31.337424671399095,0.8093616457464448
953.0,12.635842331769712,24.428423373412244,4.165060210075326
954.0,11.479957050274672,25.999677618678064,2.006449915941773
955.0,10.07223545965138,32.47138972184518,5.6072932196624805
956.0,10.680066934558125,26.724855050131424,5.957280654619331
957.0,9.391001450955999,23.642271571226097,9.868293751245389
958.0,10.266077771939894,23.66000604532622,0.7224595587631306
959.0,10.90452094099231,22.670696453140682,7.127671966461955
960.0,10.726377109523114,28.46249156393817,0.8175032905102295
961.0,9.56784899392727,26.134581908347883,3.302348151574798
962.0,10.631945824740589,25.689107932671018,5.04473119832905
963.0,10.073659208332778,32.438922899049686,9.216653219717266
964.0,9.382062512360532,31.389247282273278,2.275414819456188
965.0,7.366368542218639,27.33148801453237,4.247978386898546
966.0,8.845673759142313,29.993912171068867,8.41364940516147
967.0,10.726214916096133,37.25995165857802,4.862992281615375
968.0,10.263342225146516,23.661976197979968,5.8880020517605995
969.0,10.31683913827261,31.76146307069261,-0.5317992187926821
970.0,10.337350670633853,26.299932440564326,1.2174078574055676
971.0,10.673985954232263,32.97172552361588,5.0997114659376725
972.0,12.288877139138869,31.16823141805995,6.534554901317334
973.0,10.547525219845644,36.1550961593762,5.46539203717607
974.0,9.777320130038415,28.129621646607497,5.679742827951956
975.0,10.868766319037194,28.031784073940376,0.22379006331639317
976.0,11.394945670915869,41.52322617384884,1.1113797457298071
977.0,10.455109919235873,23.19874126758843,3.3935568600177577
978.0,9.087817681964953,33.635974976370605,8.890478954855652
979.0,11.152646314806942,22.737790341575533,5.217404230928622
980.0,11.459788225040722,28.355373840400375,8.364780134787228
981.0,10.565342051140576,30.477590889446102,-1.6756012221231433
982.0,10.021368172709064,30.192236827412135,2.4343086323158776
983.0,11.393794006401428,31.242882011625685,6.831134638985338
984.0,10.258781645747233,30.775539658292487,2.612268994379014
985.0,11.395616747098984,19.55991812077702,-0.25545981782346416
986.0,8.971710977688538,34.99918395839133,3.7794065416617473
987.0,10.615074171991608,35.88181088706793,3.297420603406781
988.0,10.169970944668279,38.758846278627004,8.060286420562363
989.0,9.338528354211784,26.601036292591786,3.943626924635641
990.0,9.717409276303158,32.56870770279695,3.45322179444181
991.0,12.7268139362852,35.991963974021246,5.894745665999162
992.0,11.660284069615548,17.649009351792557,2.7156620046701008
993.0,9.987918932608636,28.45612393080667,6.803103702504225
994.0,9.258275338571986,36.39173827874096,6.943895060017364
995.0,8.984124825596544,25.791106906485446,6.425371962217414
996.0,9.443499911302673,31.17115568137647,6.776575010501302
997.0,10.296233874753865,32.11920943625321,8.277367456433302
998.0,10.104592210705434,33.939452025193305,-3.5057993874253057
999.0,10.203584104451535,42.3667567227577,3.91814935524305
